{"initial_reset_timestamp": 1574809422.897969, "timestamps": [1574809432.042141, 1574809437.295975, 1574809448.880446, 1574809468.379175, 1574809480.206476, 1574809486.6924748, 1574809494.444233, 1574809497.847873, 1574809503.234385, 1574809509.659658, 1574809513.777638, 1574809518.879406, 1574809528.3017862, 1574809535.77779, 1574809540.7559922], "episode_lengths": [140, 164, 376, 645, 372, 197, 229, 101, 162, 194, 122, 152, 282, 224, 147], "episode_rewards": [-350.2882068345867, -217.73156208543887, 267.1898301706556, 129.27014322815052, -9.303880597039822, -94.69823125867546, -58.061752953777585, -121.65288926383167, -173.44244394616499, -187.19597791325077, -210.719809011417, -201.32239897051946, -221.5102120051069, -120.26783120134405, -109.3080744408324], "episode_types": ["t", "t", "t", "t", "t", "t", "t", "t", "t", "t", "t", "t", "t", "t", "t", "t"]}